'if_', 'try_', 'logging_'
/Users/nickkeutel/code/python/marepos/web2py/gluon/console.py
110, True, False, False
113, True, False, False
120, True, False, False
129, True, False, False
132, True, False, False
167, True, False, False
169, True, False, False
216, True, False, False
297, True, False, False
309, True, False, False
333, True, False, False
335, True, False, False
338, True, False, False
350, True, False, False
371, True, False, False
421, True, False, False
423, True, False, False
429, True, False, False
431, True, False, False
453, True, False, False
455, True, False, False
470, True, False, False
573, True, False, False
577, True, True, False
579, True, False, False
584, True, False, False
605, True, False, False
607, True, False, False
610, True, False, False
614, True, False, False
618, True, False, False
620, True, False, False
623, True, False, False
625, True, False, False
628, True, False, False
632, True, False, False
634, True, False, False
636, True, False, False
638, True, False, False
640, True, False, False
647, True, False, False
650, True, False, False
653, True, False, False
657, True, False, False
660, True, False, False
664, True, False, False
732, True, False, False
734, True, False, False
740, True, False, False
203, False, True, False
209, False, True, False
213, True, True, False
307, True, True, False
352, False, True, False
468, True, True, False
580, False, True, False
57, False, False, False
60, False, False, False
64, False, False, False
109, True, False, False
128, True, False, False
166, True, False, False
198, False, True, False
296, True, False, False
306, False, True, False
314, False, False, False
332, True, True, False
369, True, False, False
418, False, False, False
420, True, False, False
452, True, False, False
467, False, True, False
475, False, False, False
536, False, False, False
549, False, False, False
589, True, False, False
/Users/nickkeutel/code/python/marepos/web2py/gluon/widget.py
42, True, False, False
61, True, False, False
63, True, True, False
68, True, False, False
71, True, False, False
86, True, False, False
90, True, False, False
92, True, False, False
94, True, False, False
102, True, False, False
119, True, False, False
138, True, False, False
183, True, False, False
200, True, False, False
253, True, False, False
310, True, False, False
315, True, False, False
334, True, False, False
338, True, False, False
343, True, False, False
368, True, False, False
371, True, False, False
374, True, False, False
380, True, False, False
383, True, False, False
385, True, False, False
391, True, False, False
394, True, False, False
397, True, False, False
431, True, False, False
438, True, True, False
448, True, True, False
469, True, False, False
478, True, False, False
482, True, False, False
489, True, False, False
500, True, False, False
536, True, False, False
542, True, False, False
553, True, False, False
558, True, False, False
572, True, False, False
611, True, False, False
615, True, False, False
625, True, False, False
627, True, False, False
634, True, False, False
643, True, False, False
670, True, True, False
676, True, False, False
678, True, False, False
681, True, False, False
682, True, False, False
688, True, False, False
702, True, False, False
706, True, False, True
714, True, False, False
716, True, False, False
738, True, False, False
743, True, False, False
756, True, False, True
763, True, True, False
771, True, False, False
772, True, False, True
786, True, True, False
788, True, False, False
801, True, True, False
806, True, False, False
828, True, False, False
835, True, False, False
838, True, False, False
843, True, False, False
851, True, False, False
858, True, False, False
860, True, False, False
873, True, True, False
878, True, False, False
910, True, True, False
64, False, True, False
106, False, True, False
226, False, True, False
441, False, True, False
450, False, True, False
454, False, True, False
459, False, True, False
484, False, True, False
509, False, True, False
579, False, True, False
586, False, True, False
655, False, True, False
671, False, True, False
765, False, True, False
787, True, True, True
819, False, True, False
874, False, True, False
906, True, True, False
911, False, True, True
48, True, False, False
85, True, False, False
101, True, True, False
116, True, True, False
322, True, False, False
351, False, False, False
365, True, False, False
377, True, False, False
388, True, False, False
412, False, False, False
429, True, False, False
436, True, False, False
467, True, False, False
475, True, True, False
556, False, False, False
562, True, False, False
575, False, True, False
609, True, False, False
622, True, False, False
664, True, True, True
725, False, False, False
871, True, False, False
/Users/nickkeutel/code/python/marepos/web2py/gluon/fileutils.py
69, True, False, False
74, True, False, False
101, True, False, False
107, True, False, False
138, True, False, False
139, True, False, False
141, True, False, False
158, True, False, False
160, True, False, False
162, True, False, False
170, True, False, False
172, True, False, False
175, True, False, False
176, True, False, False
178, True, False, False
180, True, False, False
189, True, False, False
203, True, False, False
225, True, False, False
253, True, False, False
273, True, True, False
278, True, False, False
285, True, True, False
294, True, False, False
298, True, False, False
302, True, False, False
309, True, False, False
327, True, False, False
344, True, False, False
359, True, False, False
361, True, False, False
362, True, False, False
364, True, False, False
366, True, False, False
368, True, False, False
379, True, False, False
385, True, False, False
395, True, False, False
406, True, False, False
408, True, False, False
421, True, False, False
434, True, False, False
444, True, False, False
446, True, False, False
452, True, True, False
454, True, False, False
461, True, False, False
468, True, False, False
483, True, False, False
484, True, False, False
493, True, False, False
494, True, False, False
224, True, True, False
275, False, True, True
286, False, True, True
381, True, True, False
453, True, True, False
57, True, False, False
79, False, False, False
97, True, False, False
106, True, False, False
114, False, False, False
122, False, False, False
130, False, False, False
136, True, False, False
145, True, False, False
186, True, False, False
197, True, False, False
211, False, False, False
218, False, True, False
234, False, False, False
241, True, False, False
264, False, False, False
271, True, False, False
293, True, False, False
313, False, False, False
317, True, False, False
341, True, False, False
349, False, False, False
373, False, False, False
377, True, True, False
393, True, False, False
403, True, False, False
427, False, False, False
439, True, False, False
451, True, False, False
467, True, False, False
482, True, False, False
490, True, False, False
/Users/nickkeutel/code/python/marepos/web2py/gluon/tools.py
67, True, False, False
76, True, False, False
77, True, False, False
79, True, False, False
87, True, False, False
95, True, False, False
102, True, False, False
104, True, False, False
114, True, False, False
116, True, False, False
118, True, False, False
256, True, False, False
257, True, False, False
261, True, False, False
264, True, False, False
271, True, False, False
430, True, False, False
437, True, False, False
443, True, False, False
445, True, False, False
448, True, False, False
453, True, False, False
455, True, False, False
465, True, False, False
466, True, False, False
470, True, False, False
471, True, False, False
473, True, False, False
474, True, False, False
476, True, False, False
477, True, False, False
479, True, False, False
491, True, False, False
493, True, False, False
494, True, False, False
496, True, False, False
500, True, False, False
501, True, False, False
503, True, False, False
509, True, False, False
519, True, False, False
527, True, False, False
546, True, True, False
547, True, False, False
551, True, False, False
561, True, True, False
572, True, False, False
574, True, False, False
602, True, True, False
611, True, False, False
613, True, False, False
618, True, False, False
644, True, False, False
671, True, True, False
682, True, False, False
693, True, False, False
697, True, False, False
708, True, True, False
711, True, False, False
724, True, False, False
735, True, False, False
738, True, False, False
750, True, False, False
755, True, False, False
757, True, False, False
759, True, False, False
762, True, False, False
770, True, True, True
780, True, False, False
782, True, False, False
784, True, False, False
792, True, False, False
827, True, False, False
831, True, False, False
923, True, False, False
944, True, False, False
954, True, False, False
982, True, False, False
991, True, False, False
1121, True, False, False
1165, True, False, False
1166, True, False, False
1170, True, False, False
1187, True, False, False
1192, True, False, False
1193, True, False, False
1198, True, False, False
1201, True, False, False
1203, True, False, False
1205, True, False, False
1233, True, False, False
1235, True, False, False
1239, True, False, False
1253, True, False, False
1254, True, False, False
1285, True, False, False
1286, True, False, False
1299, True, False, False
1328, True, False, False
1330, True, False, False
1339, True, False, False
1362, True, False, False
1365, True, True, False
1597, True, False, False
1599, True, False, False
1607, True, False, False
1609, True, False, False
1624, True, False, False
1625, True, False, False
1627, True, False, False
1644, True, False, False
1653, True, False, False
1660, True, False, False
1662, True, False, False
1665, True, False, False
1669, True, False, False
1674, True, False, False
1757, True, False, False
1760, True, False, False
1768, True, False, False
1770, True, False, False
1799, True, False, False
1803, True, False, False
1809, True, False, False
1814, True, False, False
1847, True, False, False
1851, True, False, False
1858, True, False, False
1860, True, False, False
1867, True, False, False
1872, True, False, False
1875, True, False, False
1880, True, False, False
1882, True, False, False
1888, True, False, False
1893, True, False, False
1896, True, False, False
1900, True, False, False
1922, True, False, False
1992, True, False, False
2016, True, False, False
2020, True, False, False
2072, True, False, False
2096, True, False, False
2098, True, False, False
2107, True, False, False
2108, True, False, False
2122, True, False, False
2125, True, False, False
2135, True, False, False
2141, True, False, False
2144, True, False, False
2150, True, False, False
2180, True, False, False
2183, True, False, False
2188, True, False, False
2190, True, False, False
2192, True, False, False
2196, True, False, False
2201, True, False, False
2202, True, False, False
2207, True, False, False
2211, True, False, False
2216, True, False, False
2222, True, False, False
2225, True, False, False
2227, True, False, False
2229, True, False, False
2252, True, False, False
2255, True, False, False
2256, True, False, False
2263, True, False, False
2264, True, False, False
2269, True, False, False
2289, True, False, False
2292, True, False, False
2300, True, False, False
2313, True, False, False
2316, True, False, False
2320, True, False, False
2337, True, False, False
2343, True, False, False
2355, True, False, False
2362, True, False, False
2368, True, False, False
2381, True, False, False
2385, True, False, False
2395, True, False, False
2396, True, False, False
2416, True, False, False
2445, True, False, False
2446, True, False, False
2467, True, False, False
2473, True, False, False
2476, True, False, False
2479, True, False, False
2481, True, False, False
2483, True, False, False
2492, True, False, False
2495, True, False, False
2499, True, False, False
2508, True, False, False
2510, True, False, False
2512, True, False, False
2521, True, False, False
2524, True, False, False
2528, True, False, False
2536, True, False, False
2554, True, False, False
2556, True, False, False
2564, True, False, False
2578, True, False, False
2585, True, False, False
2593, True, False, False
2598, True, False, False
2602, True, False, False
2616, True, False, False
2619, True, False, False
2625, True, False, False
2627, True, False, False
2629, True, False, False
2634, True, False, False
2637, True, False, False
2640, True, False, False
2646, True, False, False
2658, True, False, False
2680, True, False, False
2686, True, False, False
2703, True, False, False
2710, True, False, False
2727, True, False, False
2770, True, False, False
2781, True, False, False
2787, True, False, False
2804, True, False, False
2821, True, False, False
2835, True, False, False
2836, True, False, False
2838, True, False, False
2848, True, False, False
2861, True, False, False
2863, True, False, False
2865, True, False, False
2867, True, False, False
2869, True, False, False
2871, True, False, False
2874, True, False, False
2879, True, False, False
2882, True, False, False
2902, True, False, False
2905, True, False, False
2907, True, False, False
2909, True, False, False
2911, True, False, False
2915, True, False, False
2924, True, False, False
2927, True, False, False
2929, True, False, False
2944, True, False, False
2945, True, False, False
2968, True, False, False
2973, True, False, False
2979, True, False, False
2983, True, False, False
2988, True, False, False
2991, True, False, False
2993, True, False, False
3000, True, False, False
3008, True, False, False
3013, True, False, False
3021, True, False, False
3041, True, False, False
3043, True, False, False
3050, True, False, False
3052, True, False, False
3054, True, False, False
3056, True, False, False
3074, True, False, False
3081, True, False, False
3084, True, False, False
3086, True, False, False
3088, True, False, False
3090, True, False, False
3104, True, False, False
3108, True, False, False
3112, True, False, False
3124, True, False, False
3158, True, False, False
3161, True, False, False
3163, True, False, False
3165, True, False, False
3167, True, False, False
3181, True, False, False
3185, True, False, False
3190, True, False, False
3201, True, False, False
3210, True, False, False
3233, True, False, False
3236, True, False, False
3238, True, False, False
3240, True, False, False
3242, True, False, False
3254, True, False, False
3257, True, False, False
3282, True, False, False
3290, True, False, False
3305, True, False, False
3317, True, False, False
3319, True, False, False
3328, True, False, False
3335, True, False, False
3339, True, False, False
3350, True, False, False
3356, True, False, False
3376, True, False, False
3379, True, False, False
3381, True, False, False
3390, True, False, False
3393, True, False, False
3400, True, False, False
3404, True, False, False
3406, True, False, False
3423, True, False, False
3430, True, False, False
3452, True, False, False
3454, True, False, False
3457, True, False, False
3459, True, False, False
3461, True, False, False
3466, True, False, False
3471, True, False, False
3477, True, False, False
3489, True, False, False
3492, True, False, False
3498, True, False, False
3506, True, False, False
3512, True, False, False
3527, True, False, False
3541, True, False, False
3556, True, False, False
3561, True, False, False
3564, True, False, False
3566, True, False, False
3575, True, False, False
3577, True, False, False
3579, True, False, False
3581, True, False, False
3585, True, False, False
3588, True, False, False
3606, True, False, False
3612, True, False, False
3620, True, False, False
3638, True, False, False
3646, True, False, False
3648, True, False, False
3650, True, False, False
3652, True, False, False
3668, True, False, False
3673, True, False, False
3674, True, False, False
3683, True, False, False
3685, True, False, False
3694, True, False, False
3696, True, False, False
3739, True, False, False
3764, True, False, False
3769, True, False, False
3771, True, False, False
3772, True, False, False
3777, True, False, False
3788, True, False, False
3795, True, False, False
3807, True, False, False
3816, True, False, False
3820, True, False, False
3828, True, False, False
3833, True, False, False
3850, True, False, False
3853, True, False, False
3854, True, False, False
3855, True, False, False
3858, True, False, False
3870, True, False, False
3874, True, False, False
3893, True, False, False
3900, True, False, False
3902, True, False, False
3906, True, False, False
3908, True, False, False
3959, True, False, False
3962, True, False, False
3966, True, False, False
3974, True, False, False
3985, True, False, False
4051, True, False, False
4054, True, False, False
4056, True, False, False
4064, True, False, False
4065, True, False, False
4069, True, False, False
4091, True, False, False
4094, True, False, False
4113, True, False, False
4114, True, False, False
4116, True, False, False
4121, True, False, False
4127, True, False, False
4152, True, False, False
4154, True, False, False
4160, True, False, False
4200, True, False, False
4207, True, False, False
4224, True, False, True
4228, True, False, False
4259, True, False, False
4262, True, False, False
4268, True, False, False
4270, True, False, False
4276, True, False, False
4278, True, False, False
4282, True, False, False
4284, True, False, False
4286, True, False, False
4288, True, False, False
4290, True, False, False
4292, True, False, False
4294, True, False, False
4312, True, False, False
4315, True, False, False
4317, True, False, False
4322, True, False, False
4325, True, False, False
4327, True, False, False
4329, True, False, False
4335, True, False, False
4337, True, False, False
4343, True, False, False
4345, True, False, False
4347, True, False, False
4366, True, False, False
4368, True, False, False
4370, True, False, False
4372, True, False, False
4374, True, False, False
4389, True, False, False
4392, True, False, False
4394, True, False, False
4406, True, False, False
4416, True, False, False
4418, True, False, False
4420, True, False, False
4424, True, False, False
4428, True, False, False
4431, True, False, False
4445, True, False, False
4447, True, False, False
4451, True, False, False
4453, True, False, False
4455, True, False, False
4474, True, False, False
4476, True, False, False
4478, True, False, False
4480, True, False, False
4481, True, False, False
4489, True, False, False
4495, True, False, False
4497, True, False, False
4498, True, False, False
4503, True, False, False
4508, True, False, False
4513, True, False, False
4518, True, False, False
4523, True, False, False
4528, True, False, False
4557, True, False, False
4561, True, False, False
4568, True, False, False
4571, True, False, False
4576, True, False, False
4586, True, False, False
4604, True, False, False
4605, True, False, False
4606, True, False, False
4610, True, False, False
4619, True, True, False
4635, True, False, False
4637, True, False, False
4679, True, False, False
4704, True, False, False
4707, True, False, False
4711, True, False, False
4940, True, False, False
4944, True, False, False
4981, True, False, False
4983, True, False, False
4992, True, False, False
4996, True, False, False
4998, True, False, False
5000, True, False, False
5003, True, False, False
5008, True, False, False
5029, True, False, False
5031, True, False, False
5034, True, False, False
5042, True, False, False
5044, True, False, False
5056, True, False, False
5059, True, False, False
5061, True, False, False
5070, True, False, False
5091, True, False, False
5104, True, False, False
5107, True, False, False
5109, True, False, False
5112, True, False, False
5116, True, False, False
5131, True, False, False
5137, True, False, False
5140, True, False, False
5142, True, False, False
5166, True, False, False
5168, True, False, False
5170, True, False, False
5177, True, True, False
5185, True, False, False
5189, True, False, False
5191, True, False, False
5204, True, False, False
5207, True, False, False
5211, True, False, False
5213, True, False, False
5241, True, False, False
5254, True, False, False
5283, True, False, False
5288, True, False, False
5364, True, False, False
5367, True, False, False
5398, True, False, False
5433, True, False, False
5441, True, False, False
5446, True, False, False
5572, True, False, False
5580, True, False, False
5627, True, False, False
5633, True, False, False
5635, True, False, False
5637, True, False, False
5648, True, False, False
5654, True, False, False
5669, True, False, False
5691, True, False, False
5703, True, False, False
5713, True, False, False
5770, True, False, False
5776, True, False, False
5777, True, False, False
5813, True, False, False
5815, True, False, False
5837, True, False, False
5890, True, False, False
5893, True, False, False
5894, True, False, False
5895, True, False, False
5901, True, False, False
5908, True, False, False
5916, True, False, False
5921, True, False, False
5938, True, False, False
5942, True, False, False
5949, True, False, False
5958, True, False, False
5967, True, False, False
5968, True, False, False
5972, True, False, False
5980, True, False, False
5993, True, False, False
6022, True, False, False
6025, True, False, False
6033, True, False, False
6038, True, False, False
6040, True, False, False
6041, True, False, False
6057, True, False, False
6072, True, False, False
6075, True, False, False
6076, True, False, False
6085, True, False, False
6092, True, False, False
6096, True, False, False
6155, True, False, False
6165, True, False, False
6182, True, False, False
6191, True, False, False
6200, True, False, False
6206, True, False, False
6233, True, False, False
6234, True, False, False
6236, True, False, False
6243, True, False, False
6256, True, False, False
6264, True, False, False
6266, True, False, False
6276, True, False, False
6279, True, False, False
6280, True, False, False
6291, True, False, False
6294, True, False, False
6297, True, False, False
6304, True, False, False
6316, True, False, False
6320, True, False, False
6326, True, False, False
6329, True, False, False
6335, True, False, False
6337, True, False, False
6341, True, False, False
6348, True, False, False
6349, True, False, False
6370, True, False, False
6382, True, False, False
6402, True, False, False
6417, True, False, False
6423, True, False, False
6440, True, False, False
578, False, True, False
622, False, True, False
662, False, True, False
673, True, True, False
692, True, True, False
709, True, True, False
769, True, True, True
811, False, True, False
826, True, True, False
836, False, True, False
840, False, True, False
939, False, True, False
1281, False, True, False
1359, True, True, False
1367, False, True, False
2503, False, True, False
2719, False, True, False
2773, False, True, False
2939, False, True, False
3252, True, True, False
3388, True, True, False
4230, False, True, False
4264, False, True, False
4494, True, True, False
4620, False, True, False
4641, False, True, False
4667, False, True, False
4681, False, True, False
5111, True, True, True
5179, False, True, False
5198, False, True, False
5206, True, True, True
5234, False, True, False
5260, False, True, False
5422, False, True, False
5560, False, True, False
5562, False, True, False
6432, False, True, False
65, True, False, False
75, True, False, False
84, False, False, False
94, True, False, False
101, True, False, False
110, True, False, False
249, True, False, False
275, False, False, False
300, True, True, False
429, True, False, False
436, True, False, False
898, False, False, False
920, True, True, False
951, True, False, False
990, True, False, False
1099, True, False, False
1150, False, False, False
1155, False, False, False
1163, True, False, False
1179, False, False, False
1183, True, False, False
1209, False, False, False
1231, True, False, False
1252, True, False, False
1260, True, True, False
1311, False, False, False
1319, True, False, False
1345, False, False, False
1357, False, False, False
1358, True, True, False
1595, True, False, False
1606, True, False, False
1615, False, False, False
1618, True, False, False
1637, True, False, False
1766, True, False, False
1774, False, False, False
1777, False, False, False
1780, False, False, False
1787, True, False, False
1833, True, False, False
1863, False, False, False
1905, False, False, False
1911, True, False, False
1912, False, False, False
1933, False, False, False
2035, False, False, False
2078, True, False, False
2167, True, False, False
2233, True, False, False
2273, False, False, False
2283, True, False, False
2305, True, False, False
2325, True, False, False
2341, True, False, False
2367, True, False, False
2373, True, False, False
2391, False, False, False
2427, False, False, False
2439, True, False, False
2450, True, True, False
2852, True, False, False
2885, False, False, False
2888, True, True, False
3029, True, False, False
3062, True, False, False
3132, False, False, False
3144, True, False, False
3218, True, True, False
3295, True, False, False
3313, True, False, False
3349, True, False, False
3361, True, True, False
3436, True, False, False
3520, True, False, False
3535, True, False, False
3546, True, False, False
3627, True, False, False
3692, True, False, False
3701, True, False, False
3745, False, False, False
3748, True, False, False
3802, True, False, False
3824, True, False, False
3832, True, False, False
3838, False, False, False
3843, False, False, False
3845, True, False, False
3886, False, False, False
3892, True, False, False
3912, False, False, False
3920, False, False, False
3924, False, False, False
3932, False, False, False
3936, False, False, False
3943, False, False, False
3947, True, False, False
3994, True, False, False
4074, True, False, False
4125, True, False, False
4147, True, False, False
4158, True, False, False
4198, True, False, False
4223, True, False, False
4227, True, True, False
4236, False, False, False
4242, False, False, False
4246, True, True, False
4355, True, False, False
4388, True, False, False
4410, True, False, False
4438, True, False, False
4463, True, False, False
4486, True, False, False
4493, False, True, False
4535, True, False, False
4631, True, True, False
4666, False, True, False
4677, True, True, False
4687, True, False, False
4722, False, False, False
4737, False, False, False
4757, False, False, False
4777, False, False, False
4797, False, False, False
4819, False, False, False
4839, False, False, False
4859, False, False, False
4882, False, False, False
4902, False, False, False
4923, True, False, False
4943, True, False, False
4951, False, False, False
4974, False, False, False
4979, True, False, False
4988, True, False, False
4995, True, False, False
5025, True, False, False
5039, True, False, False
5052, True, False, False
5068, True, False, False
5084, True, True, False
5085, False, False, False
5088, True, False, False
5128, True, True, False
5130, True, False, False
5135, True, False, False
5146, True, False, False
5227, False, False, False
5233, True, True, False
5259, True, True, False
5331, True, False, False
5392, False, False, False
5397, True, False, False
5404, False, False, False
5419, False, False, False
5420, False, True, False
5431, True, False, False
5478, False, False, False
5479, False, False, False
5557, False, True, False
5571, True, False, False
5579, True, False, False
5584, False, False, False
5587, False, False, False
5593, True, False, False
5658, False, False, False
5668, True, False, False
5676, False, False, False
5684, False, False, False
5690, True, False, False
5696, False, False, False
5701, True, False, False
5708, False, False, False
5712, True, False, False
5722, False, False, False
5734, False, False, False
5739, False, False, False
5745, False, False, False
5748, False, False, False
5760, False, False, False
5769, True, False, False
5775, True, False, False
5790, True, False, False
5905, False, False, False
5911, False, False, False
5934, False, False, False
5937, True, False, False
5948, True, False, False
5957, True, False, False
5963, False, False, False
5966, True, False, False
5978, True, False, False
5985, True, False, False
6021, True, False, False
6029, False, False, False
6032, True, False, False
6068, True, False, False
6151, True, False, False
6181, True, False, False
6205, True, False, False
6230, True, False, False
6251, True, False, False
6314, True, False, False
6353, False, False, False
6374, True, False, False
6385, False, False, False
6398, True, False, False
6409, True, False, False
6422, True, False, False
6429, False, True, False
/Users/nickkeutel/code/python/marepos/web2py/gluon/shell.py
37, True, False, False
81, True, False, False
83, True, False, False
85, True, False, False
88, True, False, False
90, True, False, False
96, True, False, False
98, True, False, False
132, True, False, False
141, True, False, False
142, True, False, False
162, True, False, False
164, True, False, False
179, True, True, False
194, True, True, False
206, True, False, False
236, True, False, False
240, True, False, False
241, True, False, True
248, True, False, True
255, True, False, False
270, True, False, False
273, True, False, False
275, True, False, False
277, True, False, False
282, True, False, False
286, True, False, False
294, True, False, False
299, True, True, False
302, True, False, False
308, True, False, False
312, True, False, False
317, True, False, False
322, True, False, False
326, True, False, False
331, True, False, False
336, True, False, False
340, True, False, False
345, True, False, False
348, True, False, False
349, True, True, False
360, True, False, False
376, True, False, False
396, True, False, False
398, True, False, False
410, True, False, False
430, True, False, False
432, True, False, False
441, True, False, False
444, True, False, False
446, True, False, False
448, True, False, False
461, True, False, False
472, True, False, False
481, True, False, False
46, False, True, False
55, False, True, False
180, False, True, False
198, False, True, False
300, True, True, False
320, True, True, False
334, True, True, False
350, False, True, True
358, True, True, True
38, False, False, False
45, False, True, False
65, True, False, False
105, True, False, False
172, False, False, False
192, True, False, False
195, False, False, False
205, True, False, False
212, True, False, False
261, False, False, True
388, True, False, False
416, True, False, False
458, True, False, False
/Users/nickkeutel/code/python/marepos/web2py/gluon/cache.py
73, True, False, False
168, True, False, False
193, True, False, False
198, True, False, False
210, True, False, False
215, True, False, False
243, True, False, False
245, True, False, False
250, True, False, False
252, True, False, False
261, True, False, False
270, True, False, False
308, True, False, False
394, True, False, False
421, True, False, False
433, True, False, False
457, True, False, False
460, True, False, False
467, True, True, False
487, True, False, False
519, True, False, False
525, True, False, False
550, True, True, False
599, True, False, False
602, True, False, False
613, True, False, False
621, True, True, False
624, True, False, False
627, True, False, False
631, True, False, False
633, True, False, False
636, True, False, False
663, True, False, False
664, True, False, False
667, True, False, False
669, True, False, False
674, True, False, False
678, True, False, False
679, True, False, False
36, False, True, False
45, False, True, False
269, True, True, False
332, False, True, False
353, False, True, False
369, False, True, False
388, False, True, False
409, False, True, False
470, False, True, False
494, False, True, False
556, False, True, True
638, False, True, False
651, False, True, False
55, False, False, False
61, False, False, False
110, False, False, False
118, False, False, False
140, False, False, False
152, False, False, False
162, False, False, False
186, False, False, False
192, True, False, False
206, True, False, False
220, True, False, False
266, False, True, False
298, True, False, False
311, False, False, False
318, False, False, False
327, False, False, False
338, False, False, False
341, False, False, False
344, False, False, False
351, False, True, False
363, False, False, False
367, False, True, False
374, False, False, False
379, True, True, False
405, False, False, False
408, False, True, False
414, False, False, False
420, True, False, False
438, True, False, False
442, False, False, False
446, False, False, False
484, True, False, False
500, False, False, False
509, False, False, False
518, True, False, False
544, True, False, False
565, False, False, False
597, False, False, False
598, True, False, False
688, False, False, False
723, False, False, False
728, False, False, False
736, False, False, False
746, False, False, False
749, False, False, False
/Users/nickkeutel/code/python/marepos/web2py/gluon/utils.py
42, True, False, False
50, True, False, False
52, True, False, False
60, True, False, False
71, True, False, False
82, True, False, False
96, True, False, False
116, True, False, False
118, True, False, False
127, True, False, False
130, True, False, False
142, True, False, False
144, True, False, False
147, True, False, False
150, True, False, False
153, True, False, False
160, True, False, False
175, True, False, False
178, True, False, False
191, True, False, False
193, True, False, False
198, True, False, False
207, True, False, False
237, True, True, False
242, True, False, False
257, True, False, False
292, True, False, False
317, True, True, False
322, True, False, False
324, True, True, False
332, True, False, False
350, True, False, False
351, True, False, False
353, True, False, False
356, True, False, False
33, False, True, False
158, True, True, False
204, True, True, False
234, True, True, True
238, False, True, False
241, True, True, False
271, False, True, False
274, False, True, False
325, False, True, False
336, False, True, False
366, False, True, False
48, True, False, False
58, True, False, False
69, True, False, False
80, True, False, False
90, False, False, False
95, True, False, False
107, False, False, False
113, True, False, False
124, True, False, False
138, True, True, False
167, False, False, False
172, True, False, False
187, True, True, False
216, True, True, False
266, False, True, False
283, True, False, False
304, True, False, False
345, True, False, False
362, False, True, False
375, False, False, False
/Users/nickkeutel/code/python/marepos/web2py/gluon/debug.py
76, True, False, True
83, True, False, False
104, True, False, False
174, True, False, False
103, True, True, False
129, False, True, False
138, False, True, False
172, True, True, False
23, False, False, False
27, False, False, True
31, False, False, True
39, False, False, True
47, False, False, True
58, False, False, True
64, False, False, True
74, True, False, True
99, False, False, False
101, False, True, False
115, False, False, False
119, False, False, False
127, False, True, False
135, False, True, False
145, False, False, False
151, False, False, False
155, False, False, False
159, False, False, False
163, False, False, False
167, False, False, False
170, False, True, False
/Users/nickkeutel/code/python/marepos/web2py/gluon/messageboxhandler.py
6, True, False, False
19, True, False, True
37, True, False, False
5, True, True, False
15, False, False, True
18, True, False, False
33, False, False, True
36, True, False, False
/Users/nickkeutel/code/python/marepos/web2py/gluon/scheduler.py
130, True, False, True
165, True, False, False
174, True, False, False
186, True, False, False
210, True, False, False
211, True, False, False
222, True, False, False
227, True, False, False
231, True, False, False
240, True, False, False
256, True, False, False
271, True, False, False
281, True, False, False
285, True, False, False
289, True, False, False
291, True, False, False
296, True, False, False
298, True, False, False
303, True, False, False
307, True, False, False
309, True, False, False
323, True, True, False
343, True, False, False
351, True, False, False
353, True, False, False
356, True, False, False
362, True, False, False
370, True, False, False
376, True, False, False
387, True, False, False
394, True, False, False
419, True, False, False
423, True, False, False
431, True, False, False
436, True, False, False
459, True, False, False
479, True, False, False
492, True, False, False
497, True, False, False
513, True, False, False
539, True, False, False
560, True, False, False
561, True, False, False
655, True, False, False
672, True, False, False
690, True, True, True
692, True, False, False
712, True, True, True
731, True, False, False
743, True, False, False
746, True, False, False
753, True, False, False
799, True, False, False
814, True, False, False
906, True, False, False
933, True, False, True
939, True, False, False
944, True, False, True
951, True, False, False
956, True, False, True
960, True, False, True
964, True, False, True
1002, True, False, True
1011, True, False, False
1028, True, False, False
1094, True, False, False
1095, True, False, True
1117, True, False, False
1124, True, False, False
1149, True, False, False
1165, True, True, False
1173, True, False, True
1187, True, False, False
1197, True, False, True
1213, True, False, True
1222, True, False, False
1226, True, True, False
1250, True, False, False
1277, True, False, True
1279, True, False, True
1286, True, False, False
1334, True, False, False
1338, True, False, False
1403, True, False, False
1404, True, False, False
1419, True, False, False
1434, True, False, False
1450, True, False, False
1471, True, False, False
1475, True, False, False
1479, True, False, False
1553, True, False, False
1568, True, True, False
1575, True, False, False
1579, True, False, False
1581, True, False, False
1615, True, False, False
1627, True, False, False
1637, True, False, False
1668, True, False, False
1678, True, False, False
1680, True, False, False
1697, True, False, False
1760, True, False, False
1762, True, False, False
1764, True, False, False
1793, True, False, False
178, False, True, False
325, False, True, False
383, False, True, False
478, True, True, False
535, True, True, False
555, True, True, False
677, True, True, True
686, False, True, False
697, False, True, True
715, False, True, False
723, False, True, True
749, False, True, False
756, False, True, False
761, False, True, False
928, False, True, True
983, False, True, True
1037, False, True, True
1076, False, True, True
1167, False, True, False
1179, True, True, True
1227, False, True, True
1245, False, True, True
1308, False, True, True
1569, False, True, False
111, False, False, True
120, False, False, False
128, True, False, True
139, False, False, False
146, False, False, False
150, False, False, False
156, True, True, False
203, False, False, False
209, True, False, False
239, True, False, False
253, True, False, False
315, False, False, False
322, True, False, False
341, False, False, False
350, True, False, False
361, True, False, False
374, True, False, False
406, False, False, False
418, True, False, False
430, True, False, False
444, False, True, True
451, False, False, False
457, True, False, False
465, False, False, False
468, False, False, False
530, False, False, False
533, False, True, False
549, False, False, False
553, False, True, False
602, False, False, False
644, True, True, True
741, True, False, False
775, False, False, True
782, False, False, True
788, False, False, False
795, False, False, False
798, True, False, False
807, False, False, False
811, True, False, False
819, True, False, True
909, False, True, False
974, False, False, False
991, True, False, True
1068, False, False, False
1085, True, False, True
1141, False, False, False
1146, False, False, False
1154, True, True, False
1262, True, False, False
1298, False, False, True
1319, False, False, True
1461, False, False, False
1466, True, False, False
1492, False, False, False
1505, False, False, False
1513, False, False, False
1523, False, False, False
1531, True, False, False
1589, True, False, False
1643, True, False, False
1690, True, False, False
1714, True, False, True
/Users/nickkeutel/code/python/marepos/web2py/gluon/restricted.py
48, True, False, False
77, True, False, False
86, True, False, False
100, True, True, False
132, True, False, False
138, True, True, False
170, True, False, True
195, True, False, False
197, True, False, False
214, True, False, False
229, True, False, False
249, True, False, False
265, True, False, False
284, True, False, False
290, True, False, False
299, True, False, False
301, True, False, False
302, True, False, False
316, True, False, False
328, True, False, False
55, False, True, False
70, False, True, False
101, False, True, False
105, False, True, False
139, False, True, False
140, False, True, False
146, False, True, False
159, True, True, True
193, True, True, False
218, True, True, False
277, False, True, False
35, False, False, False
44, True, False, False
53, False, True, True
68, False, True, False
75, True, False, False
83, True, False, False
94, True, False, False
121, True, False, False
155, False, True, False
178, False, False, False
191, False, True, False
204, False, False, False
208, True, True, False
238, True, False, False
275, False, True, False
/Users/nickkeutel/code/python/marepos/web2py/gluon/main.py
12, True, False, False
61, True, False, False
110, True, False, False
131, True, False, False
133, True, False, False
139, True, False, False
176, True, False, False
181, True, False, False
185, True, False, False
213, True, False, False
248, True, False, False
315, True, False, False
316, True, False, False
319, True, False, False
330, True, False, False
332, True, True, False
340, True, False, False
371, True, False, False
372, True, False, False
387, True, False, False
414, True, False, False
417, True, True, False
427, True, False, False
434, True, False, False
443, True, False, False
446, True, False, False
449, True, False, False
454, True, False, False
461, True, False, False
472, True, False, False
476, True, False, False
480, True, False, False
481, True, False, False
484, True, False, False
499, True, False, False
507, True, False, False
510, True, False, False
515, True, False, False
525, True, False, False
533, True, False, False
547, True, False, False
554, True, False, False
557, True, False, False
571, True, False, False
581, True, False, False
592, True, False, False
613, True, False, False
615, True, True, True
618, True, True, False
647, True, False, False
668, True, False, False
711, True, False, False
714, True, False, False
716, True, False, False
721, True, False, False
732, True, False, True
737, True, False, False
743, True, False, True
753, True, False, False
787, True, True, False
72, False, True, True
102, False, True, False
299, True, True, False
300, True, True, False
301, True, True, False
333, True, True, False
418, False, True, False
532, True, True, False
619, False, True, False
624, False, True, False
658, True, True, False
775, False, True, False
788, False, True, False
793, False, True, False
121, True, False, False
144, True, False, False
206, False, False, False
212, True, False, False
220, False, False, False
234, False, False, False
243, False, False, False
244, True, False, False
254, False, False, False
260, True, True, False
565, True, False, False
599, True, False, False
631, True, True, False
637, False, False, False
686, True, False, True
771, False, True, False
783, True, True, True
/Users/nickkeutel/code/python/marepos/web2py/gluon/rewrite.py
124, True, False, True
190, True, False, False
198, True, False, False
202, True, False, False
208, True, False, False
227, True, False, False
249, True, False, False
251, True, False, False
255, True, False, False
266, True, False, False
276, True, False, False
277, True, False, False
291, True, False, False
312, True, False, False
322, True, False, False
323, True, False, False
359, True, False, False
367, True, True, False
371, True, False, False
374, True, False, False
378, True, False, False
395, True, False, False
409, True, False, False
411, True, False, False
414, True, False, False
417, True, False, False
424, True, False, False
426, True, False, False
428, True, False, False
439, True, False, False
445, True, False, False
447, True, False, False
449, True, False, False
455, True, False, False
458, True, False, False
463, True, False, False
464, True, False, False
481, True, False, False
483, True, False, False
486, True, False, False
490, True, False, False
492, True, False, False
515, True, False, False
518, True, False, False
520, True, False, False
528, True, False, False
530, True, False, False
534, True, False, False
538, True, False, False
539, True, False, False
541, True, False, False
548, True, False, False
551, True, False, False
553, True, False, False
555, True, False, False
558, True, False, False
560, True, False, False
564, True, False, False
569, True, False, False
581, True, False, False
584, True, False, False
585, True, False, False
595, True, False, False
598, True, False, False
602, True, False, False
606, True, False, False
610, True, False, False
621, True, False, False
631, True, False, False
644, True, False, False
647, True, False, False
663, True, False, False
666, True, False, False
670, True, False, False
671, True, False, False
676, True, False, False
704, True, False, False
714, True, False, False
717, True, False, False
720, True, False, False
722, True, False, False
725, True, False, False
729, True, False, False
735, True, False, False
747, True, False, False
760, True, False, False
763, True, False, False
765, True, False, False
767, True, False, False
770, True, False, False
782, True, False, False
814, True, False, False
816, True, False, False
842, True, False, False
843, True, False, False
849, True, False, False
852, True, False, False
858, True, False, False
863, True, False, False
865, True, False, False
869, True, False, False
876, True, False, False
879, True, False, False
881, True, False, False
883, True, False, False
885, True, False, False
887, True, False, False
895, True, False, False
905, True, False, False
906, True, False, False
946, True, False, False
957, True, False, False
966, True, False, False
971, True, False, False
974, True, False, False
976, True, False, False
982, True, False, False
984, True, False, False
987, True, False, False
999, True, False, False
1033, True, False, False
1040, True, False, False
1054, True, False, False
1080, True, False, False
1096, True, False, False
1100, True, False, False
1110, True, False, False
1116, True, False, False
1128, True, False, False
1131, True, False, False
1135, True, False, False
1149, True, False, False
1161, True, False, False
1170, True, False, False
1186, True, False, False
1191, True, False, False
1196, True, False, False
1204, True, False, False
1210, True, False, False
1222, True, False, False
1245, True, False, False
1249, True, False, False
1252, True, False, False
1254, True, False, False
1275, True, False, False
1281, True, False, False
1304, True, False, False
1333, True, False, False
1340, True, False, False
1349, True, False, False
1361, True, False, False
1370, True, False, False
1372, True, False, False
1374, True, False, False
1381, True, False, False
1391, True, False, False
1396, True, False, False
1407, True, False, False
1411, True, False, False
1412, True, False, False
1414, True, False, False
1415, True, False, False
1417, True, False, False
1419, True, False, False
1420, True, False, False
1426, True, False, False
1427, True, False, False
1429, True, False, False
1430, True, False, False
1436, True, False, False
1437, True, False, False
1439, True, False, False
1447, True, False, False
1449, True, False, False
1454, True, False, False
1457, True, False, False
1460, True, False, False
1462, True, False, False
1464, True, False, False
1466, True, False, False
1468, True, False, False
1474, True, False, False
1493, True, False, False
1496, True, False, False
1500, True, False, False
1505, True, False, False
1517, True, False, False
1582, True, False, False
383, False, True, True
64, False, False, False
92, False, False, False
122, True, False, False
186, True, False, False
206, True, False, False
213, True, False, False
261, True, False, False
309, True, False, False
349, True, False, False
470, True, False, False
509, True, False, False
616, True, False, False
640, True, False, False
658, True, False, False
683, False, False, False
687, False, False, False
693, True, False, False
758, True, False, False
790, True, False, False
892, True, False, False
923, True, False, False
979, True, False, False
991, True, False, False
1072, True, False, False
1093, True, False, False
1105, True, False, False
1123, True, False, False
1182, True, False, False
1217, False, False, False
1229, False, False, False
1234, True, False, False
1268, False, False, False
1273, True, False, False
1279, True, False, False
1288, True, False, False
1359, True, False, False
1364, True, False, False
1444, True, False, False
1472, True, False, False
1481, True, False, False
1526, False, False, False
1580, True, False, False
/Users/nickkeutel/code/python/marepos/web2py/gluon/languages.py
49, True, False, False
90, True, True, False
145, True, False, False
194, True, False, False
218, True, False, False
230, True, False, False
254, True, False, False
260, True, False, False
270, True, False, False
277, True, False, False
306, True, False, False
318, True, False, True
322, True, False, False
331, True, False, False
342, True, False, True
346, True, False, False
367, True, False, False
438, True, False, False
444, True, False, False
453, True, False, False
549, True, False, False
565, True, False, False
567, True, False, False
570, True, False, False
600, True, False, False
608, True, False, False
610, True, False, False
619, True, False, False
643, True, False, False
652, True, False, False
654, True, False, False
666, True, False, False
671, True, False, False
680, True, False, False
684, True, False, False
688, True, False, False
690, True, False, False
691, True, False, False
702, True, False, False
703, True, False, False
719, True, False, False
721, True, False, False
722, True, False, False
727, True, False, False
728, True, False, False
730, True, False, False
736, True, False, False
739, True, False, False
740, True, False, False
751, True, False, False
759, True, False, False
766, True, False, False
767, True, False, False
773, True, False, False
788, True, False, False
790, True, False, False
791, True, False, False
796, True, False, False
818, True, False, False
821, True, False, False
823, True, False, False
829, True, False, False
916, True, False, False
922, True, False, False
924, True, False, False
926, True, False, False
942, True, False, False
960, True, False, False
967, True, False, False
985, True, False, False
987, True, False, False
1000, True, False, False
1001, True, False, False
1007, True, False, False
1030, True, False, False
1035, True, False, False
1037, True, False, False
1045, True, False, False
1056, True, False, False
1059, True, False, False
1073, True, False, False
1089, True, False, False
1091, True, False, False
1096, True, False, False
91, False, True, False
141, False, True, False
148, False, True, False
160, False, True, False
169, False, True, True
191, False, True, True
291, False, True, True
309, True, True, False
334, True, True, False
746, True, True, False
1048, False, True, False
83, False, False, False
89, True, False, False
101, False, False, False
102, False, False, False
110, False, False, False
114, False, False, False
118, False, False, False
138, True, True, False
155, False, True, False
166, False, True, False
178, False, False, False
185, False, True, False
216, True, False, False
217, True, False, False
284, False, False, False
289, False, True, False
300, False, False, False
305, True, True, False
326, False, False, False
330, True, True, False
358, True, False, False
384, False, False, False
387, False, False, False
391, False, False, False
394, False, False, False
397, False, False, False
400, False, False, False
403, False, False, False
406, False, False, False
409, False, False, False
412, False, False, False
415, False, False, False
418, False, False, False
421, False, False, False
424, False, False, False
427, False, False, False
431, False, False, False
434, False, False, False
437, True, False, False
443, True, False, False
449, False, False, False
452, True, False, False
458, False, False, False
484, False, False, False
513, True, False, False
553, False, False, False
559, True, False, False
584, True, False, False
625, True, False, False
638, True, False, False
714, True, False, False
735, True, True, False
755, True, False, False
756, False, False, False
782, True, False, False
801, True, False, False
835, False, False, False
846, True, False, False
894, True, False, False
946, True, False, False
994, True, False, False
1017, True, False, False
1029, True, False, False
1066, False, False, False
1077, False, False, False
/Users/nickkeutel/code/python/marepos/web2py/gluon/rocket.py
26, True, False, False
103, True, False, False
118, True, False, False
134, True, False, False
143, True, True, False
148, True, False, False
170, True, False, False
186, True, False, False
191, True, False, False
199, True, False, False
202, True, False, False
211, True, False, False
222, True, False, False
226, True, False, False
229, True, False, False
241, True, False, False
242, True, False, False
305, True, False, False
313, True, False, False
322, True, False, False
335, True, False, False
357, True, False, False
358, True, False, False
431, True, False, False
436, True, False, False
440, True, False, False
441, True, False, False
455, True, False, False
469, True, False, False
496, True, False, False
523, True, False, False
527, True, False, False
536, True, False, False
542, True, False, False
554, True, False, False
560, True, False, False
572, True, False, False
573, True, False, False
591, True, False, False
622, True, False, False
627, True, False, False
630, True, False, False
633, True, False, False
634, True, False, False
639, True, False, False
642, True, False, False
659, True, False, False
662, True, False, False
681, True, True, False
715, True, False, False
725, True, False, False
745, True, False, False
750, True, False, False
756, True, True, True
784, True, False, False
840, True, False, False
848, True, False, False
853, True, False, False
855, True, False, False
862, True, False, False
865, True, False, False
870, True, False, False
877, True, False, False
882, True, False, False
891, True, False, False
896, True, False, False
899, True, False, False
912, True, False, False
918, True, False, False
922, True, False, False
926, True, False, False
947, True, False, False
957, True, False, False
963, True, False, False
1001, True, False, False
1017, True, False, False
1020, True, False, False
1034, True, False, False
1044, True, False, False
1053, True, False, False
1054, True, False, False
1067, True, False, False
1078, True, False, False
1088, True, False, False
1091, True, False, False
1094, True, False, False
1097, True, False, False
1110, True, False, False
1119, True, False, False
1120, True, False, False
1126, True, False, False
1130, True, False, False
1183, True, False, False
1221, True, False, False
1222, True, False, False
1224, True, False, False
1225, True, False, False
1229, True, False, False
1231, True, False, False
1234, True, False, False
1236, True, False, False
1239, True, False, False
1241, True, False, False
1242, True, False, False
1260, True, False, False
1267, True, False, False
1269, True, False, False
1273, True, False, False
1278, True, False, False
1285, True, False, False
1291, True, False, False
1298, True, False, False
1301, True, False, False
1309, True, True, False
1346, True, False, False
1349, True, False, False
1351, True, False, False
1355, True, False, False
1366, True, False, False
1367, True, False, False
1379, True, False, False
1384, True, False, False
1390, True, False, False
1392, True, False, False
1403, True, False, False
1415, True, False, False
1426, True, False, False
1445, True, True, False
1452, True, False, False
1455, True, False, False
1508, True, False, False
1511, True, False, False
1516, True, False, False
1557, True, False, False
1582, True, False, False
1595, True, False, False
1599, True, False, False
1624, True, False, False
1626, True, False, False
1633, True, True, False
1646, True, False, False
1660, True, False, False
1664, True, False, False
1667, True, False, False
1671, True, False, False
1672, True, False, False
1680, True, False, False
1684, True, False, False
1688, True, False, False
1690, True, False, False
1706, True, False, False
1719, True, False, False
1723, True, False, False
1726, True, True, False
1728, True, False, False
1742, True, True, False
1744, True, False, False
1753, True, False, False
1777, True, False, False
1781, True, False, False
1791, True, False, False
1798, True, False, False
1803, True, False, False
1808, True, False, False
1811, True, False, False
1815, True, False, False
1822, True, False, False
1825, True, False, False
1836, True, False, False
1837, True, False, False
1841, True, True, False
1872, True, False, False
64, False, True, False
127, True, True, False
144, True, True, False
180, True, True, False
247, False, True, False
276, False, True, False
338, False, True, False
395, False, True, False
462, False, True, False
468, True, True, False
477, False, True, False
495, True, True, False
557, True, True, False
679, True, True, False
682, False, True, False
719, True, True, False
736, True, True, False
761, False, True, False
881, True, True, False
936, False, True, False
952, False, True, False
966, False, True, False
1080, False, True, False
1150, False, True, False
1293, True, True, False
1310, False, True, False
1330, False, True, False
1343, True, True, False
1401, True, True, False
1438, False, True, False
1446, False, True, False
1497, False, True, False
1636, False, True, False
1727, True, True, False
1743, True, True, False
1758, False, True, False
1786, True, True, False
1842, False, True, False
44, False, False, False
95, True, False, False
123, False, False, False
142, True, False, False
164, True, False, False
175, False, False, False
178, False, False, False
189, True, False, False
195, True, False, False
240, True, True, False
254, False, False, False
264, False, False, False
267, False, False, False
294, False, False, False
304, True, False, False
310, True, False, False
321, True, False, False
328, False, False, False
334, True, True, False
351, False, False, False
356, True, False, False
376, False, False, False
380, False, False, False
412, True, True, False
494, False, True, False
522, True, False, False
535, True, False, False
541, True, False, False
553, True, False, False
608, True, False, False
666, False, False, False
670, False, False, False
674, True, True, False
731, False, True, False
769, False, False, False
774, True, False, False
808, False, False, False
831, True, False, False
944, True, False, False
992, True, False, False
1032, True, False, False
1041, True, False, False
1073, False, False, False
1087, True, False, False
1109, True, False, False
1118, True, False, False
1192, False, False, False
1220, True, False, False
1259, True, False, False
1317, False, False, False
1323, False, True, False
1341, True, True, False
1399, True, True, False
1437, False, True, False
1491, False, False, False
1495, False, True, False
1504, False, False, False
1525, False, False, False
1534, False, False, False
1538, False, False, False
1577, True, False, False
1604, True, False, False
1653, True, False, False
1711, False, False, False
1716, True, False, False
1739, True, True, False
1768, True, True, False
1831, True, False, False
1856, False, False, False
/Users/nickkeutel/code/python/marepos/web2py/gluon/tests/test_router.py
59, True, False, False
67, True, False, False
80, True, False, False
1035, True, False, False
24, True, False, False
25, False, False, False
66, True, False, False
72, False, False, False
79, True, False, False
84, False, False, True
102, False, False, False
143, False, False, False
155, False, False, False
204, False, False, False
395, False, False, False
444, False, False, False
473, False, False, False
591, False, False, False
708, False, False, False
752, False, False, False
798, False, False, False
934, False, False, False
986, True, False, False
1047, False, False, False
1194, False, False, False
1241, False, False, False
1251, False, False, False
1306, False, False, False
1358, False, False, False
1390, False, False, False
1422, False, False, False
1472, False, False, False
1494, False, False, False
/Users/nickkeutel/code/python/marepos/web2py/gluon/contrib/redis_utils.py
39, True, False, False
42, True, False, False
50, True, False, False
20, False, True, True
38, True, True, False
32, False, True, False
48, False, False, False
65, False, False, False
70, False, False, False
/Users/nickkeutel/code/python/marepos/web2py/gluon/contrib/redis_scheduler.py
54, True, False, False
126, True, False, False
179, True, False, False
190, True, False, False
196, True, False, True
212, True, False, True
227, True, False, False
231, True, True, False
240, True, False, True
249, True, False, False
251, True, False, False
254, True, False, True
280, True, False, False
282, True, False, False
286, True, False, True
287, True, False, True
291, True, False, False
298, True, False, False
329, True, False, False
342, True, False, False
396, True, False, False
410, True, False, False
416, True, False, False
424, True, False, False
454, True, False, False
461, True, False, True
470, True, False, True
479, True, False, False
494, True, False, False
546, True, False, False
547, True, False, True
569, True, False, False
578, True, False, False
637, True, False, False
647, True, False, False
649, True, False, False
659, True, False, False
665, True, False, False
666, True, False, False
670, True, False, False
672, True, False, False
674, True, False, False
711, True, False, False
724, True, True, False
732, True, False, False
734, True, False, False
737, True, False, False
778, True, False, False
788, True, False, False
791, True, False, False
122, False, True, False
150, False, True, False
232, True, True, True
245, False, True, False
322, False, True, False
503, False, True, False
609, False, True, True
677, False, True, False
725, False, True, False
741, False, True, False
66, False, False, False
109, False, False, False
117, False, False, False
135, False, False, False
138, False, False, False
141, False, False, False
161, True, False, False
265, True, False, False
309, True, False, True
435, True, False, True
534, True, False, True
600, False, False, False
624, True, False, False
654, True, False, False
688, True, False, False
754, True, False, False
/Users/nickkeutel/code/python/marepos/web2py/gluon/contrib/shell.py
102, True, False, False
117, True, False, False
141, True, False, False
150, True, False, False
171, True, False, False
242, True, False, False
245, True, False, True
255, True, True, False
266, True, False, False
158, False, True, False
182, False, True, True
204, True, True, False
215, False, True, True
226, False, True, False
228, False, True, False
256, False, True, False
91, True, False, False
111, True, False, False
122, False, False, False
128, False, False, False
144, True, False, False
154, False, True, False
164, True, True, False
/Users/nickkeutel/code/python/marepos/web2py/gluon/contrib/redis_session.py
47, True, False, False
72, True, False, False
97, True, False, False
99, True, False, False
138, True, False, False
157, True, False, False
165, True, False, False
168, True, False, False
201, True, False, False
204, True, False, False
207, True, False, False
208, True, False, False
210, True, False, False
223, True, False, False
224, True, False, False
239, True, False, False
241, True, False, False
245, True, False, False
248, True, False, False
254, True, False, False
45, True, True, False
24, False, True, False
57, False, False, False
64, False, False, False
67, False, False, False
71, True, False, False
78, False, False, False
81, False, False, False
85, False, False, False
89, False, False, False
108, False, False, False
123, False, False, False
137, True, False, False
150, True, False, False
177, False, False, False
188, False, False, False
192, False, False, False
196, False, False, False
200, True, False, False
237, True, False, False
252, True, False, False
267, False, False, False
270, False, False, False
/Users/nickkeutel/code/python/marepos/web2py/gluon/contrib/redis_cache.py
88, True, False, False
91, True, False, False
115, True, False, False
120, True, False, False
138, True, False, False
140, True, False, False
146, True, False, False
153, True, False, False
155, True, False, False
157, True, False, False
159, True, False, False
164, True, True, False
171, True, False, False
185, True, False, False
192, True, False, False
211, True, False, True
212, True, False, False
220, True, False, False
233, True, False, True
250, True, False, False
257, True, False, False
259, True, False, False
267, True, False, False
277, True, False, False
6, False, True, False
87, True, True, False
145, True, True, False
168, True, True, False
225, False, True, False
25, False, True, False
107, True, False, False
134, False, False, False
137, True, True, False
184, True, False, False
209, True, False, False
224, False, True, False
231, True, False, False
241, True, False, False
264, False, False, False
271, False, False, False
275, True, False, False
289, False, False, False
/Users/nickkeutel/code/python/marepos/web2py/gluon/contrib/gae_retry.py
74, True, False, False
78, True, False, False
82, True, False, False
88, True, False, False
70, True, True, True
1, True, False, False
67, False, False, False
/Users/nickkeutel/code/python/marepos/web2py/gluon/contrib/login_methods/email_auth.py
20, True, False, False
21, True, False, False
23, True, False, False
26, True, False, False
32, True, False, False
40, True, True, False
28, True, True, True
41, False, True, False
5, False, False, False
15, True, True, False
/Users/nickkeutel/code/python/marepos/web2py/gluon/contrib/login_methods/ldap_auth.py
173, True, False, True
208, True, False, True
213, True, False, False
214, True, False, False
220, True, False, False
233, True, False, False
234, True, False, False
237, True, False, False
239, True, False, False
242, True, False, False
251, True, False, False
260, True, False, False
267, True, False, True
272, True, False, False
278, True, False, False
280, True, False, False
283, True, False, False
289, True, False, False
291, True, False, False
295, True, False, False
300, True, False, False
302, True, False, False
309, True, False, False
314, True, False, False
326, True, False, False
337, True, False, False
339, True, False, False
348, True, False, False
361, True, False, True
365, True, False, False
368, True, False, False
373, True, False, False
383, True, False, False
396, True, False, True
400, True, True, True
404, True, False, False
415, True, False, False
432, True, False, False
444, True, False, False
446, True, False, False
452, True, False, False
453, True, False, False
482, True, False, False
485, True, False, False
507, True, False, True
510, True, False, False
532, True, False, True
538, True, False, False
551, True, False, False
562, True, False, False
571, True, False, False
572, True, False, False
579, True, False, False
603, True, False, False
604, True, False, False
607, True, False, False
614, True, False, False
617, True, False, False
620, True, False, False
622, True, False, False
627, True, False, False
631, True, False, False
653, True, False, False
657, True, False, False
661, True, False, False
664, True, False, False
673, True, False, True
689, True, False, False
697, True, False, False
707, True, False, False
714, True, False, False
8, False, True, True
232, True, True, True
346, True, True, True
381, True, True, True
402, True, True, False
413, True, True, False
424, False, True, False
500, True, True, True
518, False, True, False
521, False, True, False
528, False, True, False
17, True, False, False
184, True, True, True
469, True, False, False
491, False, True, True
590, True, False, True
635, True, False, True
/Users/nickkeutel/code/python/marepos/web2py/gluon/contrib/login_methods/freeipa_auth.py
24, True, False, True
53, True, False, False
4, False, True, True
32, False, True, True
41, False, True, True
52, True, True, False
13, False, False, False
23, True, True, False
/Users/nickkeutel/code/python/marepos/web2py/gluon/contrib/markdown/markdown2.py
110, True, False, False
116, True, True, False
200, True, False, False
209, True, False, False
215, True, False, False
219, True, False, False
220, True, False, False
224, True, False, False
233, True, False, False
244, True, False, False
247, True, False, False
249, True, False, False
269, True, False, False
273, True, False, False
276, True, False, False
279, True, True, False
305, True, False, False
310, True, False, False
313, True, False, False
319, True, False, False
323, True, False, False
332, True, False, False
339, True, False, False
342, True, False, False
348, True, False, False
350, True, False, False
378, True, False, False
381, True, False, False
421, True, False, False
423, True, False, False
428, True, False, False
447, True, False, False
449, True, False, False
459, True, False, False
466, True, False, False
475, True, False, False
476, True, False, False
478, True, True, False
480, True, False, False
495, True, False, False
504, True, False, False
531, True, False, False
575, True, False, False
580, True, False, False
608, True, False, False
632, True, False, False
637, True, False, False
654, True, False, False
657, True, False, False
660, True, False, False
664, True, False, False
676, True, False, False
680, True, False, False
685, True, False, False
691, True, False, False
735, True, False, False
787, True, False, False
802, True, False, False
804, True, False, False
806, True, False, False
836, True, False, False
858, True, False, False
944, True, False, False
971, True, False, False
976, True, False, False
981, True, False, False
985, True, False, False
1020, True, False, False
1038, True, False, False
1047, True, False, False
1063, True, False, False
1116, True, False, False
1127, True, False, False
1131, True, False, False
1135, True, False, False
1138, True, False, False
1190, True, False, False
1192, True, False, False
1204, True, False, False
1206, True, False, False
1219, True, False, False
1223, True, False, False
1225, True, False, False
1228, True, False, False
1235, True, False, False
1242, True, False, False
1248, True, False, False
1255, True, False, False
1270, True, False, False
1273, True, False, False
1276, True, False, False
1278, True, False, False
1285, True, False, False
1292, True, False, False
1298, True, False, False
1307, True, False, False
1343, True, False, False
1345, True, False, False
1354, True, False, False
1375, True, False, False
1385, True, False, False
1388, True, False, False
1391, True, False, False
1394, True, False, False
1413, True, False, False
1426, True, False, False
1464, True, False, False
1470, True, False, False
1472, True, False, False
1497, True, False, False
1502, True, False, False
1573, True, False, False
1575, True, False, False
1587, True, False, False
1593, True, False, False
1606, True, False, False
1622, True, False, False
1629, True, False, False
1743, True, False, False
1781, True, False, False
1786, True, False, False
1820, True, False, False
1832, True, False, False
1838, True, False, False
1840, True, False, False
1852, True, False, False
1857, True, False, False
1866, True, False, False
1877, True, False, False
1883, True, False, False
1890, True, False, False
1898, True, False, False
1991, True, False, False
2050, True, False, False
2058, True, False, False
2066, True, False, False
2073, True, False, False
2111, True, False, False
2148, True, False, False
2153, True, False, False
2156, True, False, False
2166, True, False, False
2167, True, False, False
2171, True, False, False
2173, True, False, False
2175, True, False, False
2178, True, False, False
2183, True, False, False
2190, True, False, False
2193, True, False, False
2200, True, False, False
2297, True, False, False
2307, True, False, False
2329, True, False, False
2331, True, False, True
2368, True, False, False
2371, True, False, False
2376, True, True, False
2388, True, True, False
2393, True, False, False
2394, True, False, False
2410, True, False, False
2413, True, False, False
2419, True, False, False
2426, True, False, False
2437, True, False, False
2442, True, False, False
2445, True, False, False
2447, True, False, False
2458, True, False, False
99, False, True, False
118, False, True, False
281, False, True, False
436, False, True, False
486, False, True, False
641, False, True, False
645, False, True, False
1175, False, True, False
1540, False, True, False
1544, False, True, False
1624, True, True, False
2124, False, True, False
2231, False, True, False
2378, False, True, False
2391, False, True, False
2395, False, True, False
111, False, False, False
139, False, False, False
157, False, False, False
169, False, False, False
198, True, False, False
237, True, False, False
256, True, False, False
354, False, False, False
361, False, False, False
376, True, False, False
409, True, False, False
513, False, False, False
516, True, False, False
573, True, False, False
596, True, False, False
704, False, False, False
731, True, False, False
739, False, False, False
748, False, False, False
783, True, False, False
823, False, False, False
832, True, False, False
848, False, False, False
892, False, False, False
921, False, False, False
942, True, False, False
955, True, False, False
1010, False, False, False
1034, False, False, False
1037, True, False, False
1057, False, False, False
1062, True, False, False
1100, False, False, False
1107, False, False, False
1123, True, False, False
1142, False, False, False
1327, True, False, False
1353, True, False, False
1374, True, False, False
1398, True, False, False
1422, True, False, False
1431, False, False, False
1494, True, False, False
1508, False, False, False
1539, False, True, False
1549, False, False, False
1554, False, False, False
1563, False, False, False
1571, True, False, False
1594, False, False, False
1618, True, True, False
1633, False, False, False
1658, False, False, False
1661, False, False, False
1683, False, False, False
1688, False, False, False
1713, False, False, False
1733, False, False, False
1741, True, False, False
1758, False, False, False
1771, True, False, False
1813, False, False, False
1816, True, False, False
1837, True, False, False
1845, False, False, False
1882, True, False, False
1916, False, False, False
1930, False, False, False
1936, False, False, False
1950, False, False, False
1954, False, False, False
1959, False, False, False
1979, False, False, False
2010, False, False, False
2016, False, False, False
2045, True, False, False
2053, False, False, False
2082, False, False, False
2097, False, False, False
2099, False, False, False
2106, True, False, False
2135, True, False, False
2204, False, False, False
2227, False, False, False
2230, False, True, False
2240, False, False, False
2245, False, False, False
2266, False, False, False
2286, True, False, False
2302, True, False, False
2321, False, False, False
2324, False, False, False
2328, True, False, True
/Users/nickkeutel/code/python/marepos/web2py/gluon/contrib/pysimplesoap/plugins.py
18, True, False, False
34, False, False, False
38, False, False, False
/Users/nickkeutel/code/python/marepos/web2py/gluon/contrib/pysimplesoap/server.py
19, True, False, False
120, True, False, False
138, True, False, False
153, True, False, False
170, True, False, False
177, True, False, False
181, True, False, False
191, True, False, False
214, True, False, False
224, True, False, False
256, True, False, False
262, True, False, False
266, True, False, False
269, True, False, False
272, True, False, False
275, True, False, False
304, True, False, False
318, True, False, False
355, True, False, False
362, True, False, False
368, True, False, False
375, True, False, False
377, True, False, False
413, True, False, False
458, True, False, False
461, True, False, False
467, True, False, False
480, True, False, False
489, True, False, False
507, True, False, False
518, True, False, False
527, True, False, False
542, True, False, False
580, True, False, False
587, True, False, False
593, True, False, False
600, True, False, False
617, True, False, False
32, False, True, False
148, True, True, False
47, False, False, False
56, False, False, False
115, True, False, False
126, False, False, False
129, False, False, False
132, True, True, False
292, False, False, False
296, True, False, False
329, False, False, False
354, True, False, False
455, True, False, False
476, True, False, False
500, False, False, False
503, False, False, False
506, True, False, False
515, True, False, False
534, False, False, False
553, False, False, False
558, False, False, False
562, False, False, False
/Users/nickkeutel/code/python/marepos/web2py/gluon/contrib/pysimplesoap/transport.py
38, True, False, False
43, True, False, False
65, True, False, False
89, True, False, False
95, True, False, False
97, True, False, False
107, True, False, False
119, True, False, False
121, True, False, False
123, True, False, False
128, True, False, False
135, True, False, False
148, True, False, False
155, True, False, False
187, True, False, False
189, True, False, False
191, True, False, False
198, True, False, False
204, True, False, False
207, True, False, False
236, True, True, False
244, True, False, False
253, True, False, False
19, False, True, False
63, True, True, False
144, True, True, False
162, False, True, False
167, False, True, False
170, False, True, False
237, False, True, False
259, False, True, False
41, True, False, False
57, False, False, False
71, False, False, False
86, True, False, False
118, True, False, False
142, False, True, False
179, False, False, False
184, True, False, False
224, False, False, False
227, False, False, False
234, True, True, False
267, False, False, False
274, False, False, False
/Users/nickkeutel/code/python/marepos/web2py/gluon/contrib/pysimplesoap/client.py
17, True, False, False
52, True, False, False
98, True, False, False
106, True, False, True
107, True, False, False
114, True, False, False
129, True, False, False
141, True, False, False
142, True, False, False
144, True, False, False
145, True, False, False
151, True, False, False
174, True, False, False
200, True, False, False
204, True, False, False
214, True, False, False
224, True, False, False
228, True, False, False
233, True, False, False
238, True, False, False
245, True, False, False
259, True, False, False
263, True, False, False
264, True, False, False
287, True, False, False
292, True, False, False
302, True, False, False
310, True, False, False
329, True, False, False
332, True, False, False
340, True, False, False
343, True, False, False
362, True, False, False
365, True, False, False
370, True, False, False
384, True, False, False
388, True, False, False
393, True, False, False
394, True, False, False
401, True, False, False
402, True, False, False
405, True, False, False
415, True, False, False
419, True, False, False
440, True, False, False
442, True, False, False
447, True, False, False
450, True, False, False
451, True, True, False
461, True, False, False
468, True, False, False
470, True, False, False
475, True, False, False
480, True, False, False
493, True, False, False
508, True, False, False
513, True, False, False
546, True, False, False
549, True, False, False
552, True, False, False
573, True, False, False
575, True, False, False
585, True, False, False
587, True, False, False
591, True, False, False
626, True, False, False
632, True, False, False
637, True, False, False
649, True, False, False
674, True, False, False
679, True, False, False
685, True, False, False
691, True, False, False
716, True, False, False
731, True, True, False
738, True, False, False
753, True, False, False
767, True, False, False
774, True, False, False
793, True, False, False
802, True, False, False
819, True, False, False
826, True, False, False
837, True, False, False
840, True, False, False
842, True, False, False
848, True, False, False
868, True, False, False
889, True, False, False
897, True, False, False
911, True, False, False
923, True, False, False
924, True, False, False
926, True, False, False
934, True, False, False
947, True, False, False
949, True, False, False
953, True, False, False
956, True, False, False
961, True, False, False
20, False, True, False
452, False, True, False
745, False, True, False
43, False, False, False
49, False, False, False
55, False, False, False
58, False, False, False
76, True, False, False
172, True, False, False
179, True, False, False
285, True, False, False
326, True, False, False
349, False, False, False
353, True, False, False
380, True, False, False
432, True, False, False
503, True, False, False
532, False, False, False
567, True, False, False
831, True, False, False
882, False, False, False
886, True, False, False
893, False, False, False
944, True, False, False
/Users/nickkeutel/code/python/marepos/web2py/gluon/contrib/pysimplesoap/wsse.py
18, True, False, False
65, True, False, False
148, True, False, False
176, True, False, False
195, True, False, False
202, True, False, False
209, True, False, False
214, True, False, False
35, False, False, False
51, False, False, False
59, True, False, False
72, False, False, False
83, False, False, False
88, False, False, False
130, False, False, False
138, False, False, False
161, True, False, False
213, True, False, False
/Users/nickkeutel/code/python/marepos/web2py/gluon/contrib/pysimplesoap/simplexml.py
18, True, False, False
54, True, True, False
67, True, False, False
72, True, False, False
74, True, False, False
81, True, False, False
82, True, False, False
98, True, False, False
118, True, False, False
123, True, False, False
162, True, False, False
163, True, False, False
186, True, False, False
201, True, False, False
211, True, False, False
214, True, False, False
218, True, False, False
221, True, False, False
225, True, False, False
227, True, False, False
230, True, False, False
233, True, False, False
235, True, False, False
277, True, False, False
301, True, False, False
305, True, False, False
338, True, False, False
341, True, False, False
347, True, False, False
351, True, False, False
357, True, True, False
361, True, False, False
364, True, False, False
385, True, False, False
394, True, False, False
418, True, False, False
422, True, False, False
425, True, False, False
438, True, True, False
444, True, False, False
460, True, True, False
474, True, False, False
479, True, False, False
490, True, False, False
500, True, False, False
502, True, False, False
508, True, False, False
55, False, True, False
149, False, True, False
200, True, True, False
255, False, True, False
317, False, True, False
346, True, True, False
359, True, True, False
441, True, True, False
462, False, True, False
39, True, False, False
65, True, False, False
96, True, False, False
104, False, False, False
111, False, False, False
116, True, False, False
124, False, False, False
128, False, False, False
133, False, False, False
137, False, False, False
141, False, False, False
145, False, False, False
154, False, False, False
159, True, False, False
180, False, False, False
184, True, False, False
193, False, False, False
197, False, True, False
249, False, False, False
253, False, True, False
267, False, False, False
273, True, False, False
289, False, False, False
293, False, False, False
297, False, False, False
308, False, False, False
311, False, False, False
315, False, True, False
324, False, False, False
457, True, False, False
468, True, False, False
523, False, False, False
527, False, False, False
/Users/nickkeutel/code/python/marepos/web2py/gluon/contrib/pysimplesoap/helpers.py
18, True, False, False
46, True, False, False
50, True, False, False
62, True, False, False
64, True, False, False
70, True, False, False
77, True, False, False
79, True, False, False
89, True, False, False
94, True, False, False
95, True, False, False
100, True, False, False
112, True, False, False
116, True, False, False
133, True, False, False
148, True, False, False
158, True, False, False
160, True, False, False
162, True, False, False
164, True, False, False
166, True, False, False
179, True, False, False
186, True, False, False
189, True, False, False
197, True, False, False
200, True, False, False
203, True, False, False
207, True, False, False
222, True, False, False
224, True, False, False
229, True, False, False
233, True, False, False
240, True, False, False
242, True, False, False
243, True, False, False
254, True, False, False
264, True, False, False
273, True, False, False
275, True, False, False
286, True, False, False
297, True, False, False
302, True, False, False
303, True, True, False
308, True, False, False
309, True, False, False
316, True, False, False
318, True, False, False
320, True, False, False
327, True, False, False
330, True, False, False
333, True, False, False
336, True, False, False
340, True, False, False
347, True, False, False
349, True, False, False
354, True, False, False
381, True, False, False
383, True, False, False
385, True, False, False
388, True, False, False
392, True, False, False
396, True, False, False
399, True, False, False
402, True, False, False
421, True, False, False
426, True, False, False
430, True, False, False
436, True, False, False
440, True, False, False
461, True, True, False
489, True, False, False
523, True, False, False
524, True, False, False
528, True, False, False
529, True, False, False
541, True, False, False
598, True, False, False
615, True, False, False
620, True, False, False
625, True, False, False
639, True, False, False
644, True, False, False
646, True, False, False
666, True, False, False
670, True, False, False
686, True, False, False
688, True, False, False
692, True, False, False
695, True, False, False
702, True, False, False
28, False, True, False
48, True, True, False
304, False, True, False
447, False, True, False
456, False, True, False
459, True, True, False
462, False, True, False
468, False, True, False
474, False, True, False
483, False, True, False
41, True, False, False
87, True, False, False
109, True, False, False
121, False, False, False
291, True, False, False
324, True, False, False
339, True, False, False
371, False, False, False
454, False, True, False
507, False, False, False
510, False, False, False
513, False, False, False
516, False, False, False
519, False, False, False
522, True, False, False
527, True, False, False
532, False, False, False
535, False, False, False
538, False, False, False
605, False, False, False
614, True, False, False
619, True, False, False
624, True, False, False
629, False, False, False
632, False, False, False
635, False, False, False
638, True, False, False
653, False, False, False
659, False, False, False
662, False, False, False
665, True, False, False
669, True, False, False
673, False, False, False
676, False, False, False
679, False, False, False
682, False, False, False
685, True, False, False
/Users/nickkeutel/code/python/marepos/web2py/scripts/migrator.py
20, True, False, False
16, False, True, False
12, False, False, False
/Users/nickkeutel/code/python/marepos/web2py/handlers/gaehandler.py
39, True, False, False
55, True, False, False
96, True, False, False
104, True, False, False
112, True, False, False
66, False, False, False
68, False, False, True
84, True, False, False
108, False, False, False
